case,cost,ROI,Outcomes,Profit_Chance,Profit_Stat,Min_Return,Min_Return_p,Avg_loss_return,Avg_loss_return_p,Max_Return,Max_Return_p,Avg_gain_return,Avg_gain_return_p,Roll_50,Roll_50_p,Roll_100,Roll_100_p,Roll_1000,Roll_1000_p,Roll_100000,Roll_100000_p
Mil-Spec ,0.35,-983.7342857142864,73,16.776,83224,-0.27999999999999997,-80.0,-20.093189999999996,-57.40911428571428,27.57,7877.142857142859,16.650119999999994,47.57177142857142,-9.779999999999998,-64.98338870431893,-17.809999999999995,-53.00595238095237,-87.99000000000001,-25.266331658291456,-3443.0699999999997,-9.837342857142858
Fire and Water Case,8.0,-990.1292499999993,30,19.46,80540,-6.96,-87.0,-429.65504999999996,-53.706881249999995,786.07,9825.875,350.44471000000004,43.805588750000005,-195.35999999999996,-49.83673469387754,-329.0,-42.83854166666667,-1278.0800000000008,-16.008016032064138,-79210.33999999997,-9.901292499999997
Rainbow  Case,3.5,-989.1362857142857,34,13.115,86885,-2.67,-76.28571428571429,-204.17801000000003,-58.33657428571429,379.98,10856.57142857143,169.55824,48.44521142857143,-100.24,-58.44897959183674,-133.08,-38.02285714285715,-307.53000000000065,-8.795366795366814,-34619.77000000002,-9.891362857142862
Hot  Case,5.5,-997.0776363636348,19,5.039,94961,-5.18,-94.18181818181819,-435.51368,-79.18430545454545,363.25,6604.545454545455,380.6744100000001,69.2135290909091,-216.05,-83.57833655705996,64.3599999999999,11.585958595859568,-596.96,-10.853818181818182,-54839.27000000002,-9.970776363636368
Restricted ,2.0,-991.7290000000005,134,20.738,79262,-1.63,-81.5,-90.26723999999997,-45.133619999999986,61.92,3096.0,70.43265999999998,35.21632999999999,-48.17,-60.212500000000006,-84.07999999999998,-47.77272727272726,-309.1400000000001,-15.487975951903813,-19834.579999999987,-9.917289999999994
Classified  Case,3.0,-995.7503333333341,76,21.45,78550,-2.44,-81.33333333333333,-123.31233,-41.10411,148.45,4948.333333333333,93.43982,31.146606666666667,-59.57000000000001,-44.12592592592593,-96.53000000000003,-33.51736111111112,-328.22000000000025,-10.96259185036741,-29872.51000000001,-9.957503333333337
Covert  Case,6.99,-999.2120171673832,39,14.157,85843,-4.710000000000001,-67.38197424892704,-295.91690000000006,-42.334320457796856,296.06,4235.479256080114,226.07197999999997,32.342200286123024,-147.57999999999996,-43.98545541249403,-219.01000000000005,-32.30093063728744,-677.7699999999995,-9.686593806765474,-69844.92000000004,-9.992120171673825
Knife  Case,150.0,-987.8936533333331,68,17.167,82833,-51.730000000000004,-34.486666666666665,-3280.5083599999994,-21.87005573333333,1768.56,1179.04,1798.66788,11.9911192,-1629.0099999999993,-24.13348148148147,-3012.7599999999984,-20.287946127946118,-15563.729999999981,-10.396613226452892,-1481840.4800000004,-9.878936533333336
USP-S Case,1.49,-991.2765100671145,58,16.905,83095,-1.1099999999999999,-74.49664429530202,-64.01652,-42.96410738255034,147.1,9872.48322147651,49.2465,33.051342281879194,-29.93,-44.63832960477256,-54.02000000000001,-37.37632325468761,-287.05999999999995,-19.24652528679374,-14770.01999999999,-9.912765100671134
Glock-18 Case,1.49,-993.5738255033586,72,14.858,85142,-1.39,-93.28859060402685,-87.00447,-58.39226174496644,93.30000000000001,6261.744966442953,72.20021999999997,48.45652348993287,-44.5,-62.22035794183446,-74.95000000000002,-54.67610154654218,-296.20000000000005,-19.939011665870098,-14804.25,-9.935738255033558
Desert Eagle Case,1.49,-991.2114093959736,48,18.827,81173,-1.41,-94.63087248322148,-92.7466,-62.246040268456376,127.32000000000001,8544.96644295302,77.97754999999998,52.33392617449663,-39.48,-55.20134228187919,-71.95,-49.27407204492535,-301.03999999999996,-20.244515877392367,-14769.049999999988,-9.912114093959724
M4A4 Case,2.99,-991.0852842809365,46,22.228,77772,-2.9400000000000004,-98.32775919732441,-180.36835000000002,-60.32386287625418,324.52,10853.511705685618,150.7349,50.41301003344481,-69.28000000000002,-47.286874616067166,-95.85999999999999,-31.7427729395013,-425.65999999999985,-14.250370772109896,-29633.45000000001,-9.91085284280937
M4A1-S Case,3.99,-991.5819548872182,73,17.056,82944,-3.9200000000000004,-98.24561403508773,-274.48674,-68.79366917293233,353.37,8856.390977443609,234.92262,58.87784962406015,-133.25000000000003,-72.59997820638554,-251.24,-67.70690166275905,-1374.7000000000003,-34.626767924837225,-39564.12000000005,-9.915819548872195
AK-47 Case,2.99,-990.685618729098,58,14.136,85864,-1.9300000000000002,-64.54849498327759,-133.11036000000004,-44.51851505016724,155.56,5202.675585284281,103.48885999999999,34.61165886287625,-65.44000000000003,-47.578886142213186,-117.33000000000004,-40.875836120401345,-624.5600000000004,-20.97218304656755,-29621.5,-9.90685618729097
AWP Case,3.99,-990.8335839599023,59,17.49,82510,-3.9200000000000004,-98.24561403508773,-235.33672,-58.98163408521303,299.26,7500.250626566415,195.80245999999997,49.073298245614026,-110.98000000000003,-60.46638334967855,-197.93000000000006,-51.67345446950712,-444.62000000000035,-11.132226169820163,-39534.25999999995,-9.908335839598985
Diamond Skins Case,155.0,-991.9326645161286,24,14.326,85674,-144.1,-92.96774193548387,-8999.70381,-58.06260522580646,2747.16,1772.3612903225805,7462.2081800000005,48.143278580645166,-4009.28,-53.888172043010755,-2121.970000000001,-13.421695129664776,-16264.98000000001,-10.472590303264445,-1537495.629999999,-9.919326645161282
Monster  Case,15.0,-991.8940000000002,22,13.905,86095,-13.18,-87.86666666666667,-826.7547999999999,-55.11698666666666,702.29,4681.933333333333,677.9707,45.19804666666666,-340.05999999999995,-46.26666666666666,-582.6099999999999,-40.45902777777777,-1287.8799999999974,-8.585866666666648,-148784.1000000001,-9.918940000000006
StatTrak™  Case,11.0,-997.749636363636,30,11.75,88250,-8.879999999999999,-80.72727272727272,-518.76058,-47.16005272727273,825.61,7505.545454545455,409.00812,37.182556363636365,-222.56,-41.291280148423006,-404.6200000000001,-36.41944194419443,-1953.1399999999994,-17.73808010171646,-109752.45999999996,-9.97749636363636
Gloves  Case,170.0,-991.2118352941172,46,18.793,81207,-94.1,-55.35294117647058,-5872.43309,-34.543724058823535,6185.12,3638.305882352941,4187.372969999999,24.63160570588235,-2745.380000000001,-33.64436274509805,-4121.760000000002,-24.24564705882354,-16630.19000000003,-9.78246470588237,-1685060.120000001,-9.912118352941182
Bloody  Case,4.9,-990.0048979591842,26,12.969,87031,-3.8100000000000005,-77.75510204081633,-242.80217,-49.55146326530612,494.77000000000004,10097.34693877551,194.29193,39.65141428571428,-102.28000000000003,-42.598917117867565,-202.36,-41.71511028653886,-522.3999999999996,-10.661224489795911,-48510.24000000005,-9.900048979591846
Exclusive  Case,31.0,-992.2341935483871,36,18.362,81638,-30.58,-98.64516129032258,-2067.48974,-66.69321741935484,4703.49,15172.548387096773,1759.8971399999998,56.77087548387096,-782.68,-53.718599862731644,-1074.41,-34.6583870967742,-4161.639999999999,-13.438083244534857,-307592.5999999996,-9.92234193548386
Horizon  Case,3.3,-989.0087878787881,33,15.603,84397,-3.07,-93.03030303030303,-202.02933999999996,-61.22101212121211,213.57,6471.818181818182,169.39205,51.330924242424246,-96.24999999999997,-60.763888888888886,-135.29000000000002,-40.99696969696971,-511.1800000000003,-15.505808839142182,-32637.290000000037,-9.89008787878789
Hydra  Case,9.0,-992.4565555555555,32,15.353,84647,-6.25,-69.44444444444444,-373.46327,-41.495918888888895,286.37,3181.888888888889,284.14218,31.571353333333334,-139.33000000000004,-30.96222222222223,-224.80999999999995,-25.231200897867556,-819.3199999999997,-9.112668223779332,-89321.09000000008,-9.924565555555564
Spectrum Case,3.55,-993.023943661972,28,16.619,83381,-3.3,-92.95774647887323,-217.98458999999997,-61.40410985915492,211.45,5956.338028169014,182.73223999999996,51.47387042253521,-75.52999999999999,-43.420523138833,-107.95999999999992,-31.031905720034477,-232.2199999999998,-6.534873577127093,-35252.34999999992,-9.930239436619695
Glove  Case,1.5,-989.9759999999995,70,14.902,85098,-1.31,-87.33333333333333,-87.23250000000002,-58.15500000000001,162.52,10834.666666666668,72.38285999999998,48.255239999999986,-44.78,-62.19444444444444,-63.33,-43.979166666666664,-287.8699999999999,-19.229792919171672,-14849.640000000014,-9.89976000000001
Gamma 2  Case,3.0,-991.7669999999994,30,19.576,80424,-2.88,-96.0,-189.80590999999998,-63.26863666666666,269.66,8988.666666666668,160.05290000000002,53.35096666666667,-55.14,-36.03921568627451,-101.21000000000001,-33.075163398692816,-251.20000000000027,-8.381715048381725,-29753.00999999995,-9.917669999999983
Chroma 3 Case,1.5,-1009.8720000000005,24,15.058,84942,-1.35,-90.0,-80.76435000000001,-53.84290000000001,125.87,8391.333333333334,65.61627,43.74418,-32.08,-42.773333333333326,-52.36999999999999,-34.91333333333333,-211.93000000000006,-14.142809476142816,-15148.080000000016,-10.09872000000001
Gamma  Case,3.0,-1003.4066666666674,35,14.008,85992,-2.81,-93.66666666666667,-219.59181,-73.19727,336.77,11225.666666666666,189.48961,63.163203333333335,-102.31,-69.59863945578232,-194.79000000000002,-67.63541666666667,-160.0399999999995,-5.324018629407835,-30102.20000000001,-10.03406666666667
Shadow  Case,1.5,-990.4226666666654,27,13.553,86447,-1.23,-82.0,-82.99061999999999,-55.327079999999995,132.07,8804.666666666666,68.13428000000003,45.42285333333336,-37.13,-51.56944444444444,-75.81,-51.05050505050506,-157.52999999999997,-10.501999999999999,-14856.339999999997,-9.904226666666665
Operation Bravo  Case,10.0,-990.0127000000001,23,9.874,90126,-9.63,-96.3,-356.11506999999995,-35.611506999999996,1132.69,11326.900000000001,257.11379999999997,25.71138,-90.01999999999998,-17.311538461538458,-264.59000000000015,-26.998979591836747,-1070.319999999998,-10.68183632734529,-99001.27000000002,-9.900127000000001
Operation Breakout Weapon  Case,1.5,-994.3126666666674,42,15.775,84225,-1.34,-89.33333333333333,-93.23037,-62.15358,119.29,7952.666666666667,78.31567999999999,52.21045333333333,-45.1,-63.97163120567376,-66.83999999999999,-45.9381443298969,-182.75999999999976,-12.171828171828155,-14914.690000000002,-9.943126666666668
Chroma  Case,1.5,-995.7839999999992,22,16.341,83659,-1.24,-82.66666666666666,-73.4848,-48.98986666666667,102.45,6830.0,58.54804000000001,39.032026666666674,-33.14,-46.02777777777778,-44.29999999999997,-29.83164983164981,-150.12999999999988,-9.998667998667992,-14936.76000000001,-9.957840000000006
eSports 2013  Case,8.0,-995.2952499999991,16,5.444,94556,-3.5199999999999996,-43.99999999999999,-255.88624999999996,-31.985781249999995,491.67,6145.875,176.26263000000003,22.032828750000004,-83.38999999999999,-20.847499999999997,-151.5,-19.12878787878788,-1069.1800000000003,-13.37812812812813,-79623.62,-9.952952499999999
eSports 2013 Winter  Case,3.25,-990.4827692307689,23,5.855,94145,-1.42,-43.692307692307686,-100.72876,-30.993464615384614,152.97,4706.7692307692305,68.53806999999999,21.08863692307692,-48.230000000000004,-30.28571428571429,-70.49999999999997,-21.911421911421904,-276.8199999999997,-8.526064526064516,-32190.690000000002,-9.904827692307693
Huntsman Weapon  Case,3.5,-991.3971428571429,46,11.002,88998,-1.51,-43.14285714285714,-114.17511,-32.62146,180.55,5158.571428571429,79.47621000000001,22.707488571428573,-54.34,-34.50158730158731,-107.79999999999998,-31.752577319587623,-457.2800000000002,-13.104456225820323,-34698.899999999965,-9.913971428571418
Weapon  Case,40.0,-990.2546749999999,17,11.626,88374,-15.5,-38.74999999999999,-1339.90204,-33.497551,709.0,1772.5000000000002,943.80017,23.59500425,-460.75,-23.50765306122449,-1006.96,-26.222916666666666,-3913.3099999999977,-9.773501498501492,-396101.86999999965,-9.90254674999999
Alpha Case,4.5,-990.02,16,28.213,71787,-2.36,-52.44444444444444,-144.71184,-32.158186666666666,52.85,1174.4444444444446,100.16093999999998,22.257986666666664,-46.75,-21.64351851851852,-86.79999999999995,-19.48372615039281,-453.3000000000002,-10.08341675008342,-44550.90000000002,-9.900200000000005
Dust Case,13.0,-1004.7273076923065,12,12.573,87427,-12.92,-99.38461538461539,-1077.46768,-82.88212923076922,652.12,5016.307692307692,946.8531300000001,72.83485615384616,203.47000000000003,31.94191522762952,-318.4100000000001,-24.493076923076927,-1709.7699999999968,-13.1520769230769,-130614.55000000005,-10.04727307692308
Chop Shop Case,3.99,-990.1619047619052,17,12.406,87594,-1.5300000000000002,-38.34586466165414,-106.07219000000002,-26.58450877192983,40.019999999999996,1003.0075187969924,66.56473,16.682889724310776,-46.920000000000016,-24.498746867167927,-63.089999999999975,-15.812030075187963,-420.24000000000024,-10.521809018049625,-39507.46000000002,-9.901619047619054
Cobblestone Case,5.0,-990.6373999999996,16,10.155,89845,-1.87,-37.4,-130.26047,-26.052094,13.25,265.0,80.72860000000001,16.145720000000004,-12.340000000000003,-4.839215686274511,-50.349999999999966,-10.069999999999993,-498.21999999999935,-9.974374374374362,-49531.869999999995,-9.906374
Inferno Case,3.0,-991.062,10,27.125,72875,-1.24,-41.333333333333336,-73.29669,-24.43223,20.32,677.3333333333334,43.56483,14.52161,-22.49000000000001,-15.299319727891161,-26.0,-8.666666666666668,-295.71000000000004,-9.857000000000001,-29731.859999999986,-9.910619999999994
Nuke Case,5.0,-990.9713999999998,18,13.081,86919,-2.15,-42.99999999999999,-130.02235,-26.004469999999998,104.31,2086.2000000000003,80.47378,16.094756,-48.77000000000004,-19.90612244897961,-103.40999999999997,-20.890909090909084,-456.1099999999997,-9.113086913086907,-49548.57000000001,-9.909714000000001
Office Case,12.0,-991.824166666667,12,19.426,80574,-9.1,-75.83333333333333,-424.73357,-35.394464166666666,62.849999999999994,523.75,305.71466999999996,25.476222499999995,-37.64999999999998,-6.151960784313721,-142.34000000000015,-11.981481481481495,-1204.3999999999996,-10.036666666666664,-119018.8999999999,-9.91824166666666
Rising Sun Case,5.0,-994.2508,19,11.949,88051,-1.75,-35.0,-126.09415000000001,-25.218830000000004,388.99,7779.8,76.38161000000001,15.276322000000002,-60.079999999999984,-24.52244897959183,-100.64000000000004,-20.750515463917534,-713.8099999999995,-14.276199999999989,-49712.53999999998,-9.942507999999997
SC Fun Case,4.0,-990.5734999999991,37,15.789,84211,-3.77,-94.25,-222.22605,-55.5565125,436.72,10918.0,182.60311000000004,45.65077750000001,-100.14,-51.09183673469387,-155.85999999999999,-39.76020408163265,-532.6000000000004,-13.328328328328338,-39622.94,-9.905735
SC Pro Case,16.0,-992.3300625000005,36,11.532,88468,-12.53,-78.3125,-774.16179,-48.385111875,647.32,4045.75,615.3889800000002,38.46181125000001,-365.79999999999995,-48.64361702127659,-613.2999999999998,-39.113520408163254,-1471.9800000000014,-9.190684315684324,-158772.81000000006,-9.923300625000003
SC God Case,49.0,-1004.7291428571434,44,15.446,84554,-43.71,-89.20408163265306,-2728.4512799999998,-55.682679183673464,1975.83,4032.3061224489793,2236.134,45.635387755102045,-1155.4699999999998,-47.162040816326524,-2083.3199999999997,-43.384423157017906,-4486.610000000001,-9.156346938775512,-492317.28000000026,-10.047291428571434
AUG Case,0.99,-990.1040404040389,57,20.878,79122,-0.87,-87.87878787878788,-58.44206,-59.032383838383836,24.430000000000003,2467.6767676767677,48.64003000000001,49.13134343434344,-27.389999999999997,-61.48148148148148,-24.63000000000001,-25.130088766452413,-129.41999999999996,-13.125228185469146,-9802.029999999999,-9.901040404040403
SG 553 Case,0.99,-993.5656565656545,48,17.483,82517,-0.97,-97.97979797979798,-61.76403,-62.38790909090909,81.75,8257.575757575758,51.92773000000001,52.45225252525254,-28.02,-61.528326745718054,-48.76,-51.844763423710795,-139.56999999999994,-14.11209188986966,-9836.299999999988,-9.935656565656554
P90 Case,0.99,-991.5949494949504,45,17.615,82385,-0.85,-85.85858585858585,-55.92305,-56.487929292929294,55.41,5596.969696969697,46.10626,46.5719797979798,-23.840000000000003,-52.3495827843654,-37.20000000000001,-38.73789440799751,-115.34999999999991,-11.698308385055364,-9816.790000000008,-9.915949494949503
Dream  Case,3.0,-990.1413333333337,39,17.576,82424,-2.69,-89.66666666666667,-183.70447000000001,-61.23482333333334,155.55,5185.0,154.00023,51.33340999999999,-80.77000000000001,-57.28368794326242,-111.32999999999998,-37.484848484848484,-256.14999999999964,-8.521290751829662,-29704.24000000005,-9.901413333333348
Exotic Case,7.0,-1001.8225714285711,25,13.65,86350,-6.93,-99.0,-542.63675,-77.51953571428571,1003.21,14331.571428571428,472.50917,67.50131,-220.48,-61.75910364145658,-140.22000000000003,-20.031428571428574,-318.6999999999998,-4.557414557414555,-70127.57999999996,-10.018225714285709
Asiimov Case,12.0,-990.2631666666673,17,17.509,82491,-10.14,-84.5,-651.26376,-54.271980000000006,184.52,1537.666666666667,532.4321799999999,44.36934833333333,-217.08999999999997,-36.181666666666665,-249.90999999999985,-20.82583333333332,-1203.5,-10.039205872539206,-118831.58000000007,-9.902631666666672
Prisma Case,2.0,-991.036500000001,46,24.918,75082,-1.87,-93.5,-104.33214999999998,-52.16607499999999,126.57,6328.5,84.51141999999999,42.25570999999999,-38.190000000000005,-40.62765957446809,-45.559999999999974,-23.010101010100996,-249.49,-12.4745,-19820.73000000001,-9.910365000000006
Black Case,9.5,-994.0058947368427,18,12.965,87035,-7.68,-80.84210526315789,-486.17587000000003,-51.17640736842105,391.56,4121.684210526316,391.74531,41.23634842105263,-132.87,-27.97263157894737,-232.65999999999997,-24.49052631578947,-977.6700000000001,-10.291263157894738,-94430.56000000006,-9.940058947368428
 D4X Case,9.0,-992.3631111111089,114,24.207,75793,-7.4399999999999995,-82.66666666666666,-399.9852199999999,-44.44280222222221,135.57,1506.3333333333333,310.67254000000014,34.51917111111113,-209.22,-58.11666666666666,-363.11,-45.332084893882644,-1170.0100000000002,-13.01312423534646,-89312.68000000005,-9.923631111111117
SuperstituM Case,6.5,-991.8969230769243,19,18.897,81103,-5.41,-83.23076923076923,-361.03576,-55.54396307692308,265.98,4092.0,296.56245999999993,45.624993846153835,-128.0,-41.02564102564102,-187.32999999999993,-28.534653465346523,-768.54,-11.835527835527836,-64473.30000000005,-9.918969230769239
Nightmare Case,4.0,-1004.0165000000012,26,14.28,85720,-3.64,-91.0,-257.11025000000006,-64.27756250000002,209.69,5242.25,216.94959,54.2373975,-118.41999999999999,-62.98936170212765,-3.2099999999999795,-0.8106060606060554,-261.05000000000064,-6.513223552894227,-40160.66000000003,-10.040165000000007
Halloween Case,4.99,-993.8633266533075,20,25.853,74147,-3.21,-64.32865731462925,-195.95159000000004,-39.26885571142285,158.57999999999998,3177.955911823647,146.35781,29.330222444889777,-86.45000000000002,-36.09301937207749,-121.45000000000005,-24.33867735470943,-418.8600000000006,-8.393987975951916,-49593.77999999997,-9.93863326653306
CS20 Case,3.0,-989.9296666666638,42,20.966,79034,-2.88,-96.0,-190.04772,-63.34924,284.69,9489.666666666666,160.34983000000005,53.44994333333335,-49.27999999999999,-37.33333333333332,-83.18,-27.452145214521455,-449.8100000000004,-15.023714094856395,-29697.890000000014,-9.899296666666672
Agents Case,8.0,-990.5425000000001,35,25.004,74996,-4.34,-54.25,-197.46785,-24.68348125,37.02,462.75,118.22445,14.77805625,-76.72000000000003,-19.97916666666667,-99.96000000000004,-12.495000000000005,-788.039999999999,-9.850499999999988,-79243.3999999999,-9.905424999999989
Prisma 2 Case,4.5,-992.9991111111108,55,18.048,81952,-4.36,-96.88888888888889,-271.88189,-60.41819777777778,233.5,5188.888888888889,227.19692999999998,50.48820666666666,-130.71,-60.513888888888886,-152.9299999999999,-33.64796479647963,-411.96000000000004,-9.154666666666667,-44684.96000000002,-9.929991111111116
Butterfly Knives Case,150.0,-990.0858933333341,13,10.491,89509,-110.99000000000001,-73.99333333333334,-7348.768960000001,-48.99179306666667,2294.14,1529.4266666666665,5863.64012,39.090934133333334,-1782.33,-24.24938775510204,-2960.8300000000017,-20.349347079037813,-16810.820000000007,-11.229672678690719,-1485128.8400000017,-9.900858933333346
Karambit Knives Case,600.0,-999.0677700000002,52,10.048,89952,-369.78,-61.63,-15110.621470000002,-25.18436911666667,2468.5,411.4166666666667,9116.214849999995,15.193691416666658,-7372.670000000002,-28.576240310077527,-8480.39,-15.197831541218637,-62096.380000000005,-10.370136940547763,-5994406.620000005,-9.990677700000008
Flip Knives Case,205.0,-990.2710439024396,34,24.483,75517,-117.85,-57.48780487804878,-5344.989,-26.073117073170728,545.9,266.29268292682923,3314.93336,16.170406634146342,-2053.6799999999994,-20.870731707317066,-660.1599999999999,-3.126497750414397,-20666.75,-10.081341463414633,-2030055.6400000006,-9.902710439024393
Purple Rain Case,15.0,-990.4524666666676,24,12.378,87622,-10.01,-66.73333333333333,-619.09393,-41.272928666666665,914.15,6094.333333333334,470.5260599999999,31.368403999999995,-267.95000000000005,-38.00709219858157,-365.73,-24.14059405940594,-1964.7299999999996,-13.137612838515544,-148567.8700000001,-9.904524666666674
Sunny Set Case,4.0,-992.3829999999997,47,17.481,82519,-3.17,-79.25,-187.93639000000002,-46.984097500000004,456.0,11400.0,148.24107000000004,37.06026750000001,-76.09000000000002,-38.04500000000001,-115.42999999999995,-28.57178217821781,-599.19,-14.964785214785218,-39695.320000000065,-9.923830000000017
Fracture Case,1.6,-991.8462500000013,35,19.131,80869,-1.51,-94.375,-99.77084,-62.356775,243.23000000000002,15201.875000000002,83.90129999999999,52.438312499999995,-40.48000000000001,-55.00000000000001,-53.37000000000003,-34.38788659793816,-205.85000000000014,-12.865625000000009,-15869.539999999979,-9.918462499999988
Norse Case,10.0,-990.1187,20,5.983,94017,-3.9299999999999997,-39.300000000000004,-336.35166000000004,-33.635166000000005,405.25,4052.5,237.33979,23.733978999999998,-87.99000000000001,-17.598000000000003,-262.70000000000005,-26.53535353535354,-805.7699999999986,-8.065765765765752,-99011.87,-9.901187
Canals Case,2.0,-990.5149999999998,14,6.282,93718,-0.6399999999999999,-32.0,-35.23056,-17.61528,18.05,902.5,15.42026,7.71013,-17.25999999999999,-17.612244897959176,-23.95999999999998,-11.97999999999999,-195.1700000000003,-9.758500000000014,-19810.29999999999,-9.905149999999994
Covert Knife Case,35.0,-994.0312285714286,23,17.611,82389,-28.08,-80.22857142857143,-1440.14974,-41.14713542857143,2349.28,6712.228571428573,1092.23881,31.206823142857143,-549.1599999999999,-32.68809523809523,-601.8699999999994,-16.859103641456567,-4791.020000000004,-13.702330902330914,-347910.93000000063,-9.940312285714302
Farm M4 Case,0.49,-1006.9183673469367,9,1.952,98048,-0.48,-97.95918367346938,-45.38832999999999,-92.62924489795917,60.85,12418.367346938778,40.45443,82.5600612244898,-7.280000000000001,-29.714285714285722,-5.619999999999997,-11.585240156668723,-74.21999999999997,-15.162100876386585,-4933.9000000000015,-10.069183673469391
Farm Knife Case,2.0,-1005.3389999999986,11,4.927,95073,-1.98,-99.0,-174.69221999999996,-87.34610999999998,156.59,7829.5,154.58544,77.29272,-87.82,-87.82,-17.49000000000001,-8.745000000000005,-209.83999999999992,-10.491999999999996,-20106.77999999997,-10.053389999999984
Farm AWP Case,0.99,-997.4121212121208,25,8.778,91222,-0.9299999999999999,-93.93939393939394,-82.79929,-83.63564646464647,41.54,4195.959595959595,72.92491,73.66152525252525,-38.120000000000005,-81.92563937244789,-71.03999999999999,-73.9768822243049,-127.06999999999994,-12.861075686726982,-9874.380000000005,-9.974121212121217
Farm AK-47 Case,0.99,-991.4464646464635,19,4.476,95524,-0.96,-96.96969696969697,-78.61924,-79.41337373737375,46.48,4694.949494949495,68.80392,69.4989090909091,-39.519999999999996,-83.16498316498317,-53.12000000000001,-54.198551168248144,-88.22000000000003,-8.911111111111115,-9815.319999999992,-9.914464646464639
Glover Case,70.0,-991.3317857142861,17,19.396,80604,-69.88,-99.82857142857142,-5603.76789,-80.053827,1148.39,1640.5571428571432,4909.835639999999,70.14050914285713,-1884.33,-54.936734693877554,-1310.5299999999997,-18.910966810966805,-6387.720000000001,-9.134448734448736,-693932.25,-9.913317857142857
Silver Bull Case,21.0,-1004.7871428571419,11,9.457,90543,-18.12,-86.28571428571428,-1286.61546,-61.267402857142855,281.77,1341.7619047619046,1075.6101600000002,51.219531428571436,-56.31000000000006,-5.362857142857148,-332.6199999999999,-15.839047619047614,-2293.6500000000015,-10.922142857142864,-211005.2999999998,-10.047871428571419
Star Pearl Case,65.0,-1005.696753846154,13,10.05,89950,-49.75,-76.53846153846155,-2314.36255,-35.60557769230769,1320.7,2031.8461538461538,1660.6596599999998,25.548610153846152,-294.69000000000005,-8.889592760180998,-836.3700000000008,-12.867230769230781,-6064.3499999999985,-9.339108339108337,-653702.8899999997,-10.056967538461533
Broken Fang Case,3.5,-991.577714285714,23,34.426,65574,-2.92,-83.42857142857143,-155.8872,-44.5392,232.73,6649.428571428571,121.18198000000001,34.62342285714286,-51.04999999999998,-29.766763848396494,-56.099999999999966,-15.86987270155586,-245.25,-6.993156544054748,-34705.21999999997,-9.915777142857134
Control Case,6.0,-993.1190000000006,22,19.592,80408,-5.04,-84.0,-393.30752,-65.55125333333334,178.01,2966.8333333333335,333.72038,55.62006333333333,-118.80000000000007,-38.82352941176473,-277.21000000000004,-47.63058419243987,-485.3599999999997,-8.081252081252076,-59587.140000000014,-9.931190000000003
Havoc Case,3.0,-1007.7733333333333,24,21.013,78987,-2.4,-80.0,-185.82567999999998,-61.941893333333326,126.43,4214.333333333334,155.59248,51.86416,-77.37,-56.06521739130436,-122.03999999999999,-41.51020408163265,-283.4300000000003,-9.438228438228448,-30233.20000000001,-10.077733333333336
Ancient Case,8.0,-1005.2011249999983,21,7.394,92606,-7.36,-92.0,-637.36313,-79.67039125,817.23,10215.375,556.9470400000001,69.61838000000002,-286.26,-71.565,250.96000000000004,31.370000000000005,-1101.7700000000004,-13.75836663336664,-80416.09000000008,-10.05201125000001
4 PRO Case,4.0,-990.2804999999992,18,22.717,77283,-3.94,-98.5,-283.09753,-70.7743825,504.65,12616.25,243.48631,60.8715775,-43.870000000000005,-21.935000000000002,-75.04999999999995,-18.76249999999999,-161.76999999999998,-4.032153539381854,-39611.21999999997,-9.902804999999994
Piece of Luck Case,40.0,-991.0805250000013,8,12.298,87702,-39.71,-99.275,-3423.55287,-85.58882175,1139.16,2847.9,3027.1206599999996,75.67801649999998,-513.5100000000002,-25.675500000000014,149.6899999999996,3.74224999999999,-3960.770000000004,-9.90192500000001,-396432.20999999996,-9.91080525
Winner Set Case,50.0,-1008.0682399999998,15,15.601,84399,-43.17,-86.34,-3118.09438,-62.3618876,1200.0,2400.0,2614.06026,52.2812052,119.86999999999944,4.8926530612244665,-653.7600000000002,-12.818823529411768,-4959.450000000004,-9.918900000000008,-504034.12000000104,-10.080682400000022
AK-47 Battle Case,5.0,-990.1122,32,15.881,84119,-3.9299999999999997,-78.6,-196.77056,-39.354112,116.44,2328.8,147.26495,29.45299,-65.94999999999999,-26.38,-141.74,-28.9265306122449,-490.3099999999995,-9.825851703406803,-49505.609999999986,-9.901121999999997
AWP Battle Case,5.0,-990.0035999999997,35,19.701,80299,-4.78,-95.6,-288.31739999999996,-57.66347999999999,165.22,3304.3999999999996,238.81722000000005,47.76344400000001,-115.00999999999999,-47.92083333333333,-200.69,-41.37938144329897,-434.4399999999987,-8.671457085828317,-49500.17999999999,-9.900035999999998
Balance Battle Case,5.0,-1008.0581999999993,9,15.119,84881,-4.97,-99.4,-329.55482,-65.910964,131.94,2638.7999999999997,279.15191000000004,55.83038200000001,-13.049999999999983,-5.117647058823523,-57.91999999999996,-11.58399999999999,-508.47000000000025,-10.179579579579585,-50402.909999999974,-10.080581999999994
Covert Battle Case,15.5,-990.1021935483893,51,22.789,77211,-13.84,-89.29032258064517,-757.4416399999999,-48.867202580645156,601.08,3877.935483870968,603.9757999999998,38.96618064516128,-287.9899999999999,-37.15999999999999,-326.3099999999997,-21.05225806451611,-1353.8699999999972,-8.752149460210726,-153465.83999999985,-9.901021935483861
Top Battle Case,199.0,-999.2299045226126,24,19.395,80605,-143.04,-71.87939698492463,-7880.1225,-39.59860552763819,2146.52,1078.6532663316584,5891.654990000001,29.606306482412066,-2547.0300000000007,-25.598291457286436,-1125.6399999999994,-5.713618598040705,-19481.99000000002,-9.819402932415347,-1988467.5100000016,-9.992299045226138
Ultraviolet Case,19.99,-994.8728864432212,12,21.714,78286,-17.869999999999997,-89.39469734867434,-1176.0427899999997,-58.83155527763881,250.64,1253.8269134567286,977.1677,48.88282641320661,-160.1199999999999,-16.34694898469642,-211.74999999999977,-10.487917225939693,-1888.5600000000013,-9.447523761880946,-198875.08999999962,-9.948728864432198
Aka Mask Case,6.99,-990.5253218884114,22,22.123,77877,-5.0,-71.5307582260372,-303.98756000000003,-43.48892131616596,229.23999999999998,3279.5422031473527,234.74984000000003,33.58366809728184,-100.58000000000004,-29.365565968876833,-123.79999999999995,-17.711015736766804,-662.6600000000008,-9.499112674562296,-69237.72000000009,-9.905253218884132
Snakebite Case,3.0,-1005.4660000000007,31,8.227,91773,-2.84,-94.66666666666667,-236.58691,-78.86230333333333,210.34,7011.333333333333,206.42292999999998,68.80764333333333,-115.29,-83.54347826086958,-23.950000000000102,-8.063973063973098,-301.6300000000001,-10.054333333333338,-30163.97999999998,-10.054659999999995
Lady Luck Case,150.0,-991.5542999999992,29,13.88,86120,-96.74000000000001,-64.49333333333334,-7012.585879999999,-46.750572533333326,4019.17,2679.4466666666667,5525.25443,36.83502953333333,-3073.9999999999995,-44.55072463768116,-5034.9400000000005,-33.90531986531987,-16147.520000000019,-10.754259074259087,-1487331.4499999974,-9.915542999999982
Fantastic Case,777.0,-990.005947232947,55,21.878,78122,-400.13,-51.496782496782494,-22463.19176,-28.91015670527671,7124.18,916.8828828828829,14770.845550000004,19.01009723294724,-10900.059999999998,-32.62416569393313,-15623.549999999996,-20.517886691356075,-74904.12999999989,-9.620929312546064,-7692346.210000008,-9.900059472329483
Monsters Parade Case,30.0,-993.8081666666669,36,23.881,76119,-19.71,-65.7,-1194.4146,-39.81382,1252.51,4175.033333333333,896.2721499999999,29.87573833333333,-491.51,-34.13263888888889,-732.7900000000004,-24.67306397306399,-4403.32,-14.721899030424607,-298142.4500000002,-9.938081666666672
2021 Dust 2 Case,2.49,-993.7429718875517,41,14.131,85869,-1.6800000000000002,-67.46987951807229,-142.60575000000003,-57.27138554216868,346.96999999999997,13934.538152610441,117.86154999999998,47.33395582329316,-59.27,-51.74611489436005,-111.03,-45.040769137154676,-665.9100000000005,-26.85077660037743,-24744.20000000001,-9.937429718875505
2021 Mirage Case,1.99,-993.3306532663313,35,14.312,85688,-1.35,-67.8391959798995,-113.40139999999998,-56.98562814070351,75.53,3795.477386934673,93.63412000000001,47.05232160804021,-37.839999999999996,-37.28446152330279,-86.8,-44.967103559032275,-124.03999999999996,-6.245657143432592,-19767.28,-9.933306532663316
2021 Train Case,3.0,-987.1153333333335,32,13.702,86298,-1.83,-61.00000000000001,-131.69579000000002,-43.89859666666667,73.81,2460.3333333333335,102.08233,34.02744333333333,-47.28999999999999,-30.908496732026137,-96.07,-33.013745704467354,-282.53999999999996,-9.399201596806387,-29613.459999999963,-9.871153333333321
2021 Vertigo Case,2.0,-990.1505000000004,33,10.305,89695,-1.33,-66.5,-108.73029999999999,-54.36514999999999,226.27,11313.5,88.92729,44.463645,-40.73,-39.931372549019606,-92.97,-47.922680412371136,-161.27999999999997,-8.03187250996016,-19803.00999999998,-9.90150499999999
Maelstrom Case,99.99,-994.0507550755065,18,20.718,79282,-85.5,-85.5085508550855,-5641.120800000001,-56.416849684968504,1693.06,1693.2293229322934,4647.16945,46.476342134213425,-1926.3999999999996,-39.31821753603932,-2454.9300000000003,-24.799752702542985,-10652.239999999976,-10.674654639812656,-993951.3499999996,-9.940507550755072
Email Case,9.99,-991.3491491491488,23,26.042,73958,-8.15,-81.58158158158159,-489.23678,-48.97265065065065,226.23999999999998,2264.6646646646645,390.201,39.05915915915916,-109.49000000000007,-21.07684607684609,-243.86,-24.65698021253577,-906.7900000000009,-9.086063040017002,-99035.77999999991,-9.913491491491483
Znorux Case,5.0,-991.6007999999999,24,19.807,80193,-4.14,-82.8,-239.46054000000004,-47.89210800000001,121.01,2420.2000000000003,189.8805,37.9761,-114.03999999999999,-47.516666666666666,-107.18,-22.09896907216495,-502.9200000000001,-10.04835164835165,-49580.03999999998,-9.916007999999996
Hanami Case,30.0,-992.9519666666661,18,17.985,82015,-25.16,-83.86666666666667,-1508.6541300000001,-50.288471,469.68,1565.6,1210.7685400000003,40.358951333333344,-401.78999999999996,-26.785999999999998,-478.77999999999975,-15.801320132013194,-3247.399999999998,-10.857238381812095,-297885.5899999994,-9.929519666666646
Bloody Asiimov Case,7.5,-990.0774666666667,26,24.271,75729,-6.26,-83.46666666666667,-326.79962,-43.573282666666664,181.01,2413.4666666666662,252.54381,33.672508,-114.45999999999998,-30.52266666666666,-215.17999999999995,-28.690666666666658,-754.4900000000007,-10.049816849816859,-74255.80999999994,-9.90077466666666
Factory New Case,25.0,-1008.2542799999985,20,17.337,82663,-21.29,-85.16,-1385.1953399999998,-55.40781359999999,547.19,2188.76,1133.1317700000002,45.325270800000006,-512.2800000000002,-40.17882352941178,61.89000000000033,2.4270588235294244,-2643.84,-10.554251497005989,-252063.5700000003,-10.082542800000011
Farm Desert Eagle Case,1.0,-1007.8409999999984,13,15.313,84687,-0.98,-98.0,-79.58269999999999,-79.58269999999999,70.87,7087.0,69.50429000000001,69.50429000000001,1.1300000000000097,2.2156862745098227,-33.019999999999996,-33.35353535353535,-131.51999999999998,-13.151999999999997,-10078.409999999989,-10.07840999999999
Farm T Pistols Case,1.0,-993.6739999999986,12,7.877,92123,-0.9,-90.0,-75.97609,-75.97609,66.43,6643.000000000001,66.03935000000001,66.03935000000001,-14.740000000000002,-29.480000000000008,-17.690000000000012,-17.690000000000012,-67.21999999999991,-6.728728728728719,-9936.74000000002,-9.93674000000002
Farm CT Pistols Case,1.0,-997.8140000000006,12,4.313,95687,-0.96,-96.0,-79.41138000000001,-79.41138000000001,46.29,4629.0,69.43324,69.43324,-5.689999999999998,-11.156862745098035,-45.75,-46.21212121212121,-78.38,-7.8301698301698295,-9978.14,-9.97814
Mid Case,7.0,-990.7404285714294,19,19.246,80754,-5.63,-80.42857142857143,-333.83666,-47.69095142857143,121.81,1740.142857142857,264.48483,37.78354714285714,-100.91,-29.419825072886297,-91.11000000000013,-12.886845827439904,-805.079999999999,-11.535750107465239,-69351.82999999996,-9.90740428571428
The Rivalry Case,5.0,-990.1691999999994,42,23.425,76575,-4.64,-92.8,-267.74877000000004,-53.54975400000001,567.41,11348.2,218.24031,43.648061999999996,-112.91000000000003,-46.085714285714296,-169.99,-33.998,-687.6999999999998,-13.712861415752739,-49508.46000000002,-9.901692000000004
Anti-Rush Case,0.4,-994.5100000000012,19,16.246,83754,-0.31000000000000005,-77.5,-20.823970000000003,-52.05992500000001,48.5,12124.999999999998,16.84593,42.114824999999996,-6.659999999999998,-33.29999999999999,-10.200000000000003,-26.020408163265312,-55.35000000000002,-13.837500000000006,-3978.040000000008,-9.945100000000021
Ace Clutch Case,10.0,-993.2537,18,19.943,80057,-9.05,-90.5,-489.79003,-48.979003,190.33,1903.3000000000002,390.46466000000004,39.046466,-141.7,-28.34,-234.42000000000007,-23.678787878787887,-956.9699999999993,-9.560139860139854,-99325.37,-9.932537
Recoil Case,2.5,-992.6887999999991,20,19.395,80605,-2.43,-97.2,-168.95147999999998,-67.580592,206.36,8254.400000000001,144.13426,57.653704000000005,-14.210000000000008,-11.600000000000007,-75.75,-30.0,-277.6399999999999,-11.127855711422841,-24817.219999999972,-9.92688799999999
Dreams And Nightmares Case,2.5,-990.6064000000009,16,17.135,82865,-2.37,-94.8,-122.55919,-49.023676,211.57,8462.8,97.79402999999998,39.117611999999994,-23.08999999999999,-18.109803921568616,-43.360000000000014,-17.34400000000001,-313.1100000000001,-12.511888111888117,-24765.160000000003,-9.906064000000002
The Legendary Howls Case,275.0,-990.7009672727273,16,19.479,80521,-217.12,-78.95272727272727,-12520.323840000001,-45.52845032727273,4789.94,1741.7963636363634,9795.89618,35.62144065454545,-1085.2199999999993,-7.737754010695183,-5168.1500000000015,-18.983103764921953,-25686.78,-9.331315956770501,-2724427.6599999964,-9.90700967272726
AK Blues Case,5.0,-999.9052000000008,23,14.102,85898,-4.81,-96.2,-269.38412,-53.876824,292.82,5856.4,219.38886,43.877772,-91.95999999999998,-37.534693877551014,-97.71999999999991,-19.543999999999983,-434.46999999999935,-8.698098098098086,-49995.26000000001,-9.999052
CSGOMercy Case,100.0,-992.05886,17,7.387,92613,-85.32,-85.32000000000001,-5459.9816,-54.599816000000004,2245.52,2245.52,4467.92274,44.6792274,-2052.16,-42.75333333333333,-637.7399999999998,-6.314257425742572,-9375.509999999995,-9.375509999999995,-992058.8599999994,-9.920588599999993
Overtimes? Case,150.0,-990.6956733333338,28,21.663,78337,-101.22,-67.48,-5540.32517,-36.93550113333333,2057.16,1371.44,4054.281659999999,27.028544399999994,-2430.49,-35.22449275362319,-3522.459999999999,-23.720269360269356,-15134.190000000002,-10.08946,-1486043.509999998,-9.906956733333319
Classy Case,40.0,-990.0169749999993,20,15.934,84066,-27.5,-68.75,-1921.7347899999997,-48.04336975,932.9,2332.25,1525.728,38.1432,-555.8000000000004,-27.79000000000002,-734.5200000000004,-18.181188118811892,-4210.870000000003,-10.54827154308618,-396006.7899999996,-9.90016974999999
JordanR Case,70.0,-994.2777571428567,23,16.584,83416,-59.99,-85.7,-3501.07079,-50.015297000000004,4665.25,6664.642857142857,2805.07636,40.07251942857143,-1070.29,-31.203790087463556,-1669.3199999999997,-24.088311688311684,-5800.619999999995,-8.311534603811428,-695994.4299999988,-9.942777571428554
BIG CHICKEN Case,0.3,-1009.8966666666662,21,15.05,84950,-0.22999999999999998,-76.66666666666666,-13.262289999999998,-44.20763333333333,9.04,3013.3333333333335,10.2326,34.108666666666664,-4.259999999999998,-27.84313725490195,-4.579999999999998,-15.420875420875415,-33.339999999999975,-11.124457791124449,-3029.689999999995,-10.09896666666665
KAWAII Case,0.35,-991.6942857142851,30,19.095,80905,-0.29,-82.85714285714286,-17.766189999999998,-50.76054285714285,9.39,2682.857142857143,14.29526,40.8436,-7.029999999999996,-41.84523809523808,-8.54,-24.399999999999995,-34.32999999999993,-9.788993441688032,-3470.9300000000003,-9.916942857142857
The Last Dance Case,5.0,-1007.2525999999998,26,13.504,86496,-4.61,-92.2,-313.10988,-62.621976,104.35,2086.9999999999995,262.74725,52.54945,-14.629999999999995,-5.737254901960783,-19.860000000000014,-4.012121212121214,-442.0100000000002,-8.831368631368635,-50362.630000000005,-10.072526000000002
CS 1.6 Memories Case,3.0,-991.3450000000005,24,16.428,83572,-2.12,-70.66666666666667,-140.42673,-46.80891,86.52,2884.0,110.68637999999999,36.89545999999999,-46.120000000000005,-30.746666666666673,-77.51000000000002,-26.363945578231302,-302.3900000000003,-10.079666666666677,-29740.349999999977,-9.913449999999992
Cobblestone 1v4 Case,5.0,-992.2522000000005,15,20.867,79133,-4.61,-92.2,-300.80356,-60.160712000000004,102.74,2054.7999999999997,251.19095,50.238189999999996,-80.76000000000002,-32.30400000000001,-54.30000000000007,-10.647058823529425,-562.5300000000007,-11.261861861861874,-49612.610000000044,-9.922522000000008
ECO Rush B Case,20.0,-989.3217000000011,19,16.023,83977,-15.01,-75.05,-930.23142,-46.511570999999996,1632.33,8161.65,732.3670799999999,36.618354,-327.0099999999999,-33.36836734693877,-450.9799999999998,-22.54899999999999,-1212.849999999995,-6.058191808191783,-197864.34000000008,-9.893217000000003
Major Legend Case,10.0,-991.2236999999996,25,24.435,75565,-7.33,-73.3,-417.94667,-41.794667,920.1,9201.0,318.82430000000005,31.882430000000006,-148.68,-29.736,-238.01,-23.565346534653465,-1327.1499999999996,-13.271499999999998,-99122.36999999988,-9.912236999999987
HLTV Confirmed Case,16.0,-991.4586874999991,22,18.621,81379,-14.79,-92.4375,-824.3409899999999,-51.521311874999995,512.62,3203.875,665.7076000000001,41.606725000000004,-200.91999999999996,-25.627551020408156,-352.89999999999964,-22.056249999999977,-1920.0699999999997,-12.012449949949948,-158633.3899999999,-9.914586874999994
Karrigan's Choice Case,75.0,-992.2766400000004,21,19.397,80603,-68.54,-91.38666666666667,-3695.4429700000005,-49.27257293333334,2743.76,3658.346666666667,2951.23549,39.349806533333336,-1060.0299999999993,-28.267466666666646,-1705.3899999999994,-22.738533333333326,-8933.699999999997,-11.935470941883764,-744207.4800000004,-9.922766400000006
New to Town Case,0.35,-982.5085714285706,23,12.802,87198,-0.24999999999999997,-71.42857142857142,-15.158939999999998,-43.31125714285714,25.66,7331.428571428572,11.720160000000002,33.48617142857144,-5.949999999999999,-34.69387755102041,-11.009999999999998,-31.774891774891774,-49.749999999999886,-14.200085628657025,-3438.779999999999,-9.825085714285711
Steel Samurai Case,35.0,-992.0821714285725,25,20.55,79450,-24.29,-69.39999999999999,-1616.22143,-46.177755142857144,1160.35,3315.2857142857138,1268.9926699999996,36.256933428571415,-720.9000000000001,-42.91071428571429,-850.8600000000001,-24.806413994169098,-4439.360000000001,-12.709304322931578,-347228.76000000024,-9.920821714285722
Full Flash Case,0.3,-992.5666666666649,18,13.259,86741,-0.22999999999999998,-76.66666666666666,-13.898519999999998,-46.328399999999995,15.82,5273.333333333334,10.920820000000003,36.402733333333344,-6.029999999999999,-41.875,-7.789999999999999,-25.966666666666665,-26.139999999999986,-8.713333333333328,-2977.699999999997,-9.925666666666658
Revolution Case,3.0,-998.9373333333356,18,8.689,91311,-2.93,-97.66666666666667,-216.22311,-72.07437,341.69,11389.666666666666,186.25498999999996,62.084996666666655,-25.299999999999983,-16.535947712418288,-114.5,-37.78877887788779,-148.90999999999985,-4.9587079587079534,-29968.119999999937,-9.989373333333312
JOISPOI24 Case,15.0,-995.1009333333325,19,11.621,88379,-13.11,-87.4,-1024.41037,-68.29402466666667,1994.62,13297.466666666665,875.1452300000001,58.34301533333334,-437.34999999999997,-60.74305555555555,-588.4900000000001,-39.232666666666674,-2000.4700000000012,-13.32314352314353,-149265.1399999999,-9.951009333333328
HaiX Case,20.0,-992.8451499999991,18,23.302,76698,-18.95,-94.75,-1113.18488,-55.659244,1003.26,5016.299999999999,914.6158500000001,45.73079250000001,-377.1100000000001,-37.71100000000001,-544.0200000000002,-26.931683168316845,-2385.0600000000013,-11.949198396793594,-198569.03000000003,-9.928451500000001
FranzJ Case,11.0,-1008.6072727272706,20,16.645,83355,-9.33,-84.81818181818181,-650.62076,-59.14734181818182,1074.81,9771.0,539.6739600000002,49.06126909090911,-300.14,-54.57090909090909,-549.1300000000001,-49.9209090909091,-666.2399999999998,-6.050676596131139,-110946.80000000005,-10.08607272727273
Source2.exe Case,10.0,-994.2186999999993,14,14.939,85061,-9.56,-95.6,-569.89643,-56.989643,223.3,2233.0,470.47456,47.047456,-100.42999999999995,-19.69215686274509,7.230000000000018,0.7158415841584176,-954.1399999999976,-9.541399999999976,-99421.87,-9.942186999999999
Survival Knives Case,50.0,-1008.9243600000009,20,24.23,75770,-39.05,-78.1,-2551.49074,-51.029814800000004,420.34,840.6799999999998,2047.0285599999997,40.940571199999994,-339.3699999999999,-13.574799999999994,-510.6299999999992,-10.012352941176456,-4926.0199999999895,-9.832375249500977,-504462.18000000063,-10.089243600000012
Skeleton Knives Case,90.0,-990.1661222222224,13,11.068,88932,-69.23,-76.92222222222222,-4973.81741,-55.264637888888885,728.37,809.3,4082.6679,45.36297666666667,-714.81,-15.884666666666666,-1007.3899999999994,-11.082398239823977,-8748.600000000006,-9.720666666666673,-891149.5099999998,-9.90166122222222
M9 Bayonet Knives Case,150.0,-991.4173733333339,27,13.239,86761,-123.33,-82.22,-8452.886129999999,-56.35257419999999,3032.99,2021.9933333333333,6965.76007,46.43840046666667,-3909.6,-55.45531914893617,-3032.090000000002,-20.013795379537967,-17007.139999999985,-11.372209963222993,-1487126.0600000005,-9.914173733333337
This is a Major! Case,90.0,-991.4448555555553,20,15.899,84101,-72.2,-80.22222222222223,-4692.80796,-52.14231066666667,2255.95,2506.611111111111,3800.50759,42.227862111111115,-1642.3899999999999,-37.24240362811791,-2102.6499999999996,-23.362777777777772,-8710.590000000011,-9.659115103127093,-892300.3700000001,-9.914448555555557
Pro Investor Case,30.0,-990.720166666666,22,16.14,83860,-22.04,-73.46666666666667,-1553.92112,-51.797370666666666,1340.34,4467.799999999999,1256.70507,41.890169,-589.1400000000001,-38.505882352941185,-843.21,-28.390909090909094,-2846.640000000003,-9.498298298298309,-297216.04999999935,-9.907201666666644
Anubis Case,3.0,-996.3406666666651,40,16.903,83097,-2.97,-99.0,-206.40437999999997,-68.80145999999999,226.48,7549.333333333332,176.51416,58.838053333333335,21.659999999999997,18.51282051282051,-94.18,-29.61635220125786,-335.97000000000025,-11.255276381909557,-29890.219999999972,-9.963406666666657
Sands of Anubis Case,5.0,-989.8559999999991,24,21.586,78414,-4.08,-81.6,-234.76441999999997,-46.952884,368.67,7373.400000000001,185.27162,37.054324,-99.60999999999999,-41.504166666666656,-105.37,-21.074,-396.0599999999995,-7.921199999999989,-49492.79999999999,-9.898559999999998
Electric Dreams Case,4.0,-992.9290000000007,21,21.381,78619,-2.67,-66.75,-181.55758000000003,-45.38939500000001,232.23,5805.75,141.84041999999997,35.46010499999999,-58.06,-29.622448979591837,-105.93999999999994,-27.30412371134019,-489.28999999999996,-12.244494494494495,-39717.159999999974,-9.929289999999993
Canon Event Case,12.0,-987.7753333333324,26,17.234,82766,-8.46,-70.5,-511.81113000000005,-42.6509275,1095.34,9127.833333333332,393.27809000000013,32.77317416666668,-258.69000000000005,-43.11500000000001,-408.6400000000001,-34.3973063973064,-1565.7299999999996,-13.060810810810807,-118533.04000000004,-9.877753333333336
Scratcher Case,0.5,-992.3100000000009,20,14.21,85790,-0.4,-80.0,-22.060599999999997,-44.121199999999995,18.92,3784.0000000000005,17.09905,34.1981,-6.199999999999999,-25.30612244897959,-5.259999999999998,-10.519999999999996,-53.72000000000003,-10.733266733266738,-4961.550000000003,-9.923100000000005
New Gen TOP Case,2.0,-990.487499999999,25,23.335,76665,-1.92,-96.0,-106.2088,-53.1044,46.09,2304.5,86.39905000000002,43.19952500000001,-23.519999999999982,-23.058823529411747,-45.879999999999995,-23.40816326530612,-203.34999999999968,-10.167499999999983,-19809.75,-9.904875
Dual Gleam Case,10.0,-992.7218000000001,23,16.649,83351,-8.629999999999999,-86.3,-517.7984299999999,-51.77984299999999,563.41,5634.099999999999,418.52625,41.852625,-176.12999999999994,-35.94489795918366,-182.58999999999992,-18.631632653061217,-939.8799999999992,-9.417635270541073,-99272.18000000005,-9.927218000000005
Holo-mania Case,7.0,-1009.8401428571439,25,15.1,84900,-6.43,-91.85714285714286,-233.48434,-33.354905714285714,88.38,1262.5714285714284,162.79552999999996,23.25650428571428,-54.94999999999999,-15.096153846153843,-71.14999999999998,-10.478645066273929,-687.0999999999995,-9.80590837733694,-70688.81000000006,-10.098401428571437
Shinigami Tales Case,1.0,-989.2280000000006,22,18.241,81759,-0.79,-79.0,-43.28117,-43.28117,95.8,9580.0,33.388889999999996,33.388889999999996,-18.36,-38.25,-32.77000000000001,-32.77000000000001,-100.16999999999996,-10.027027027027023,-9892.280000000028,-9.892280000000028
Pirate King Case,5.0,-990.8013999999993,19,14.928,85072,-3.1799999999999997,-63.6,-186.62158,-37.324315999999996,333.86,6677.200000000001,137.08151,27.416302,-79.28999999999999,-32.36326530612244,-129.18,-26.096969696969698,-601.1899999999996,-12.02379999999999,-49540.07000000001,-9.908014000000001
Black Swordsman Case,15.0,-990.6004666666664,21,18.453,81547,-12.26,-81.73333333333333,-795.81155,-53.05410333333334,698.93,4659.533333333333,647.22148,43.14809866666667,-221.20000000000005,-28.915032679738566,-462.65999999999997,-31.797938144329898,-1346.33,-8.975533333333333,-148590.07000000007,-9.906004666666671
Wings of Liberty Case,30.0,-990.8440666666665,24,14.39,85610,-21.84,-72.8,-1296.88767,-43.229589000000004,1765.66,5885.533333333334,999.6344500000001,33.32114833333334,-605.78,-41.20952380952381,-1221.92,-40.73066666666667,-2338.8199999999997,-7.788278388278387,-297253.2200000002,-9.908440666666674
The Honored One Case,50.0,-991.7053999999995,24,8.236,91764,-37.25,-74.5,-2564.29926,-51.2859852,2295.95,4591.9,2068.4465600000003,41.368931200000006,-1155.03,-47.14408163265306,-1466.8900000000003,-29.047326732673273,-6286.229999999996,-12.597655310621233,-495852.7000000002,-9.917054000000004
Trinity Force Case,30.0,-1006.9779333333335,7,13.321,86679,-28.95,-96.5,-2503.3572400000003,-83.44524133333334,1340.34,4467.799999999999,2201.26386,73.375462,-492.4799999999999,-33.50204081632652,-955.4799999999998,-31.849333333333323,-2439.6899999999987,-8.132299999999995,-302093.3799999994,-10.069779333333315
Royalty Case,75.0,-993.7608533333326,7,11.028,88972,-68.27,-91.02666666666667,-6059.16123,-80.7888164,3187.95,4250.6,5313.840590000001,70.85120786666667,-1249.6600000000003,-33.324266666666674,-724.8400000000001,-9.664533333333335,-8680.439999999988,-11.573919999999983,-745320.6399999997,-9.937608533333329
Guardian of Wilderness Case,150.0,-1007.6120200000005,7,15.204,84796,-139.1,-92.73333333333333,-11758.81338,-78.3920892,5902.54,3935.026666666667,10247.395349999999,68.315969,-1108.5199999999995,-14.490457516339864,-2563.579999999998,-17.090533333333322,-14282.529999999999,-9.521686666666666,-1511418.0300000012,-10.076120200000007
Who’s crazy? Case,300.0,-1008.5454566666673,7,14.163,85837,-270.57,-90.19,-23205.83388,-77.35277959999999,6858.95,2286.3166666666666,20180.197509999998,67.26732503333332,-4725.380000000001,-31.50253333333334,-3003.6699999999983,-10.012233333333327,-31594.409999999974,-10.531469999999992,-3025636.370000005,-10.085454566666682
It’s a Palworld Case,5.0,-991.0778000000004,23,8.908,91092,-3.29,-65.80000000000001,-221.05605999999997,-44.211211999999996,333.86,6677.200000000001,171.50216999999998,34.300433999999996,-105.89999999999998,-42.35999999999999,-155.77999999999997,-30.84752475247524,-349.2300000000005,-6.984600000000009,-49553.890000000014,-9.910778000000004
Riddler Case,1.25,-1009.356,20,21.178,78822,-1.2,-96.0,-79.17690999999999,-63.341528,22.63,1810.3999999999999,66.55996,53.247968,-8.920000000000002,-14.563265306122453,-0.18000000000000682,-0.14400000000000546,-134.51000000000022,-10.782364729458935,-12616.950000000012,-10.093560000000009
It Moves Case,2.25,-996.7262222222217,18,17.599,82401,-1.87,-83.11111111111111,-82.89762999999999,-36.84339111111111,32.83,1459.111111111111,60.47129000000001,26.876128888888893,-31.809999999999988,-28.275555555555542,-46.97999999999996,-20.87999999999998,-217.59000000000015,-9.661005661005667,-22426.339999999997,-9.967262222222221
Meme Party Case,0.75,-991.6639999999998,28,16.286,83714,-0.5700000000000001,-76.0,-31.657830000000004,-42.210440000000006,27.25,3633.3333333333335,24.22035,32.2938,-12.120000000000001,-32.32000000000001,-21.020000000000003,-28.598639455782315,-79.13999999999999,-10.551999999999998,-7437.479999999981,-9.916639999999974
Tournament Fight Case,1.0,-978.5700000000006,23,8.3,91700,-0.69,-69.0,-45.04891000000001,-45.04891000000001,86.53,8653.0,35.26321,35.26321,-20.57,-43.765957446808514,-37.599999999999994,-38.367346938775505,-138.54999999999995,-13.854999999999995,-9785.699999999997,-9.785699999999997
CS Winner Case,4.0,-991.8255000000001,23,16.438,83562,-2.4,-60.0,-129.89386000000002,-32.473465000000004,300.14,7503.5,90.22084,22.55521,-51.75999999999999,-25.88,-105.91000000000003,-27.01785714285715,-561.4900000000007,-14.051301301301319,-39673.01999999996,-9.91825499999999
The GOAT Case,10.0,-999.8522000000003,20,15.049,84951,-7.05,-70.5,-401.9568,-40.195679999999996,1243.5,12435.0,301.97157999999996,30.197157999999995,-141.12,-27.67058823529412,-261.1099999999999,-26.643877551020402,-1852.9800000000005,-18.585556670010035,-99985.21999999997,-9.998521999999998
Spring Glow Case,35.0,-991.3873714285712,23,14.089,85911,-23.28,-66.5142857142857,-1498.4153099999999,-42.811865999999995,2269.53,6484.371428571429,1151.42973,32.89799228571429,-563.75,-32.214285714285715,-1112.1399999999999,-32.758173784977906,-4104.639999999999,-11.715827030112742,-346985.5800000001,-9.913873714285716
Endeavour Case,60.0,-991.5358166666674,24,19.056,80944,-41.980000000000004,-69.96666666666667,-2887.50488,-48.125081333333334,5005.05,8341.75,2292.58339,38.20972316666666,-1008.1199999999999,-35.00416666666666,-1135.9499999999998,-18.932499999999997,-6852.07,-11.397322022621422,-594921.4900000002,-9.91535816666667
Gloves Combat Case,50.0,-1009.2414599999987,22,10.07,89930,-39.1,-78.2,-2011.6163299999998,-40.23232659999999,2422.04,4844.08,1506.9956000000006,30.139912000000013,-708.8100000000002,-28.352400000000006,-1222.5300000000002,-24.4506,-6191.94999999999,-12.371528471528451,-504620.7299999995,-10.09241459999999
Green Glimmer Case,3.0,-994.9850000000005,24,14.376,85624,-1.95,-65.0,-118.07679,-39.35893,187.55,6251.666666666667,88.22723999999998,29.409079999999992,-50.629999999999995,-35.159722222222214,-101.17000000000002,-35.12847222222223,-528.6399999999999,-17.656646626586504,-29849.550000000047,-9.949850000000016
Redwood Bash Case,3.0,-998.0063333333334,25,8.589,91411,-1.87,-62.333333333333336,-137.88164,-45.960546666666666,266.46,8882.0,107.94145,35.98048333333333,-59.650000000000006,-38.98692810457517,-116.10000000000002,-39.89690721649485,-620.44,-20.743564025409565,-29940.190000000002,-9.980063333333336
Amberglow Case,3.0,-987.4476666666661,21,15.264,84736,-2.0,-66.66666666666667,-137.81493999999998,-45.938313333333326,236.34,7878.0,108.19151000000001,36.06383666666667,-56.22,-37.48,-77.95000000000002,-26.513605442176875,-610.8200000000002,-20.381047714381054,-29623.429999999993,-9.874476666666665
Lazuli Abyss Case,3.0,-995.740666666666,25,16.067,83933,-1.93,-64.33333333333333,-115.15418999999999,-38.38473,192.41,6413.666666666667,85.28197000000002,28.427323333333337,-48.610000000000014,-33.06802721088437,-91.14000000000001,-31.000000000000007,-600.5600000000004,-20.058784235136955,-29872.22000000003,-9.957406666666676
Violet Veil Case,3.0,-993.9973333333331,25,8.809,91191,-1.93,-64.33333333333333,-101.89954,-33.96651333333333,195.4,6513.333333333334,72.07962,24.02654,-47.11999999999999,-32.05442176870748,-80.33000000000001,-26.77666666666667,-441.73,-14.768639251086594,-29819.919999999984,-9.939973333333327
25th Anniversary Case,25.0,-1001.9029599999997,28,9.385,90615,-15.19,-60.76,-943.86028,-37.7544112,1771.43,7085.72,693.38454,27.7353816,-414.47,-34.539166666666674,-743.4900000000002,-30.04000000000001,-4401.149999999998,-17.622222222222213,-250475.73999999976,-10.01902959999999
kaeryka Case,9.0,-994.9605555555555,7,5.655,94345,-8.54,-94.88888888888889,-803.8504800000001,-89.31672,1361.34,15126.0,714.30403,79.36711444444444,-337.52,-76.53514739229024,-643.5699999999999,-72.2300785634119,-756.6200000000008,-8.398490398490408,-89546.44999999995,-9.94960555555555
Maze Trip Case,1000.0,-990.964215,17,22.258,77742,-695.0899999999999,-69.509,-41239.38133,-41.23938132999999,6158.95,615.895,31329.73918,31.32973918,-7124.07,-14.248140000000001,-4039.0100000000093,-4.07980808080809,-94826.47000000009,-9.463719560878252,-9909642.149999991,-9.909642149999991
God’s Spear Case,1250.0,-912.1206184000006,16,18.087,81913,-807.51,-64.60079999999999,-44109.24063,-35.287392504,13775.29,1102.0232,32707.732899999995,26.166186319999998,-11712.669999999998,-19.12272653061224,-17906.34999999999,-14.183247524752469,-122204.97999999998,-9.805815847542625,-11401507.72999999,-9.121206183999991
Team Vitality Case,4.5,-990.5879999999999,24,18.155,81845,-3.31,-73.55555555555556,-188.34758,-41.855017777777775,473.82,10529.333333333334,143.77112,31.94913777777778,-75.06,-33.36,-143.68,-32.9163802978236,-811.5299999999997,-18.01598401598401,-44576.46000000002,-9.905880000000005
Honey Case,7.0,-998.2309999999987,24,9.57,90430,-4.88,-69.71428571428571,-353.41418,-50.487739999999995,601.42,8591.714285714284,283.53801000000004,40.505430000000004,-142.98,-40.85142857142856,-242.82,-35.761413843888064,-1175.0,-16.76894534037391,-69876.16999999993,-9.98230999999999
Sparkles Case,80.0,-987.6636750000008,28,13.06,86940,-64.48,-80.6,-3212.26087,-40.153260875,6979.14,8723.925,2422.129929999999,30.27662412499999,-1398.8100000000004,-35.68392857142858,-2694.8599999999997,-34.727577319587624,-11558.089999999997,-14.47656563126252,-790130.9400000013,-9.876636750000017
Blazing Jack Case,2.0,-992.034,24,16.181,83819,-1.55,-77.5,-83.3865,-41.69325,176.36,8818.0,63.54581999999999,31.772909999999996,-34.15,-34.8469387755102,-53.49000000000001,-27.290816326530614,-262.8800000000001,-13.144000000000005,-19840.679999999993,-9.920339999999998
Spookz Case,3.0,-991.5143333333339,26,16.47,83530,-2.33,-77.66666666666666,-141.73782999999997,-47.24594333333332,226.5,7550.0,111.99239999999998,37.33079999999999,-56.97999999999999,-37.98666666666666,-96.25,-32.083333333333336,-401.4599999999996,-13.381999999999985,-29745.43000000005,-9.91514333333335
Salem Case,8.0,-997.7316250000011,24,8.996,91004,-6.33,-79.125,-363.04560000000004,-45.380700000000004,633.13,7914.125,283.22706999999997,35.403383749999996,-154.85999999999999,-38.714999999999996,-304.7800000000001,-38.482323232323246,-1054.42,-13.180250000000001,-79818.53000000003,-9.977316250000005
Midnight Horror Case,16.0,-986.5498125,20,14.977,85023,-11.73,-73.3125,-690.0723800000001,-43.129523750000004,1107.11,6919.437499999999,532.2244099999999,33.264025624999995,-265.86,-33.2325,-457.17999999999984,-28.573749999999993,-1466.6899999999987,-9.157654845154838,-157847.9700000002,-9.865498125000013
Witch Potion Case,30.0,-987.9667333333329,20,19.829,80171,-22.240000000000002,-74.13333333333333,-1214.9296100000001,-40.49765366666667,2862.77,9542.566666666668,918.5395900000002,30.61798633333334,-434.54999999999995,-29.56122448979592,-653.4200000000001,-21.78066666666667,-4105.800000000003,-13.686000000000009,-296390.01999999955,-9.879667333333318
Silent Camp Case,0.4,-990.3800000000002,18,21.284,78716,-0.27,-67.5,-15.025940000000002,-37.56485,21.51,5377.5,11.06442,27.66105,-5.470000000000001,-27.908163265306126,-8.71,-21.775000000000002,-52.900000000000034,-13.25150300601203,-3961.520000000004,-9.90380000000001
Shadow Whisper Case,4.0,-995.2647500000006,20,16.186,83814,-2.67,-66.75,-172.7201,-43.180025,293.88,7347.0,132.90950999999998,33.227377499999996,-61.849999999999994,-30.924999999999997,-117.30000000000001,-29.034653465346537,-364.7000000000003,-9.117500000000007,-39810.590000000026,-9.952647500000007
The Marionette Case,35.0,-986.2754000000001,23,17.863,82137,-24.45,-69.85714285714286,-1685.04294,-48.144084,3238.33,9252.371428571427,1339.84655,38.28133,-700.1800000000001,-42.564133738601825,-1187.4299999999998,-34.26926406926407,-3754.899999999998,-10.728285714285708,-345196.39000000013,-9.862754000000004
Last Dream Case,14.0,-991.5407142857144,21,18.343,81657,-11.43,-81.64285714285714,-660.97626,-47.21259,617.48,4410.571428571428,522.16056,37.29718285714286,-289.48999999999995,-42.199708454810484,-465.1100000000001,-34.24963181148749,-871.7799999999988,-6.2083748753738695,-138815.69999999995,-9.91540714285714
The Possessed Case,75.0,-991.0252933333334,22,15.404,84596,-42.45,-56.60000000000001,-2653.98358,-35.386447733333334,3012.4,4016.5333333333338,1910.71461,25.4761948,-1077.33,-29.315102040816328,-1721.1900000000005,-23.41755102040817,-9300.98999999999,-12.426172344689366,-743268.9700000007,-9.910252933333343
